<?xml version="1.0" encoding="utf-8"?>
<extension type="component" version="2.5" method="upgrade">
    <name>com_stories</name>
    <creationDate>2014-04-09</creationDate>
    <copyright>Copyright (C) DigiOz Multimedia, Inc. All rights reserved.</copyright>
    <license>GNU General Public License version 2 or later; see LICENSE.txt</license>
    <author>DigiOz Multimedia</author>
    <authorEmail>webmaster@gmail.com</authorEmail>
    <authorUrl>http://www.digioz.com</authorUrl>
    <version>1.0.2</version>
    <description>This Component is a Stories Publishing System Modeled after eFiction, to allow Authors and Publishers to publish their stories online. </description>
    
    <install> <!-- Runs on install -->
        <sql>
            <file driver="mysql" charset="utf8">sql/install.mysql.utf8.sql</file>
        </sql>
    </install>
    <uninstall> <!-- Runs on uninstall -->
        <sql>
            <file driver="mysql" charset="utf8">sql/uninstall.mysql.utf8.sql</file>
        </sql>
    </uninstall>

    <files folder="site">
        <filename>index.html</filename>
        <filename>stories.php</filename>
        <filename>controller.php</filename>
        <filename>router.php</filename>
        <folder>views</folder>
        <folder>models</folder>
        <folder>controllers</folder>
        <folder>helpers</folder>
    </files>
    <languages folder="site">
        
			<language tag="en-GB">language/en-GB.com_stories.ini</language>
    </languages>
    <administration>
        <menu img="components/com_stories/assets/images/s_com_stories.png" >COM_STORIES</menu>
        <submenu>
            
			<menu link="option=com_stories&amp;view=stories" view="stories" img="components/com_stories/assets/images/s_stories.png" alt="Stories/Stories">COM_STORIES_TITLE_STORIES</menu>

			<menu link="option=com_stories&amp;view=categories" view="categories" img="components/com_stories/assets/images/s_categories.png" alt="Stories/Categories">COM_STORIES_TITLE_CATEGORIES</menu>

			<menu link="option=com_stories&amp;view=subcategories" view="subcategories" img="components/com_stories/assets/images/s_subcategories.png" alt="Stories/Subcategories">COM_STORIES_TITLE_SUBCATEGORIES</menu>

			<menu link="option=com_stories&amp;view=ratings" view="ratings" img="components/com_stories/assets/images/s_ratings.png" alt="Stories/Ratings">COM_STORIES_TITLE_RATINGS</menu>

			<menu link="option=com_stories&amp;view=chapters" view="chapters" img="components/com_stories/assets/images/s_chapters.png" alt="Stories/Chapters">COM_STORIES_TITLE_CHAPTERS</menu>

        </submenu>
        <files folder="administrator">
            <filename>access.xml</filename>
            <filename>config.xml</filename>
            <filename>controller.php</filename>
            <filename>index.html</filename>
            <filename>stories.php</filename>
            <folder>controllers</folder>
            <folder>assets</folder>
            <folder>helpers</folder>
            <folder>models</folder>
            <folder>sql</folder>
            <folder>tables</folder>
            <folder>views</folder>
        </files>
        <languages folder="administrator">
            
			<language tag="en-GB">language/en-GB.com_stories.ini</language>
			<language tag="en-GB">language/en-GB.com_stories.sys.ini</language>
        </languages>
    </administration>
</extension>
<!-- Component built by the Joomla Component Creator -->
<!-- http://www.component-creator.com/ -->
